Loan_ID,Gender,Married,Dependents,Education,Self_Employed,ApplicantIncome,CoapplicantIncome,LoanAmount,Loan_Amount_Term,Credit_History,Property_Area,Loan_Status,Age,Existing_Loans,Savings_Account_Balance,Employment_Length_Years,Debt_to_Income_Ratio
LP001002,Male,No,0,Graduate,No,5849,0.0,,360.0,1.0,Urban,Y,59,3,2699.99,26.0,0.3487
LP001003,Male,Yes,1,Graduate,No,4583,1508.0,128.0,360.0,1.0,Rural,N,49,0,3834.49,13.6,0.2536
LP001005,Male,Yes,0,Graduate,Yes,3000,0.0,66.0,360.0,1.0,Urban,Y,35,1,2750.56,8.3,0.126
LP001006,Male,Yes,0,Not Graduate,No,2583,2358.0,120.0,360.0,1.0,Urban,Y,63,0,2659.86,7.5,0.159
LP001008,Male,No,0,Graduate,No,6000,0.0,141.0,360.0,1.0,Urban,Y,28,1,3500.99,4.3,0.207
LP001011,Male,Yes,2,Graduate,Yes,5417,4196.0,267.0,360.0,1.0,Urban,Y,41,0,2169.38,13.1,0.2964
LP001013,Male,Yes,0,Not Graduate,No,2333,1516.0,95.0,360.0,1.0,Urban,Y,59,0,900.2,14.9,0.3309
LP001014,Male,Yes,3+,Graduate,No,3036,2504.0,158.0,360.0,0.0,Semiurban,N,39,0,23070.76,8.3,0.2598
LP001018,Male,Yes,2,Graduate,No,4006,1526.0,168.0,360.0,1.0,Urban,Y,43,1,4221.9,12.3,0.2758
LP001020,Male,Yes,1,Graduate,No,12841,10968.0,349.0,360.0,1.0,Semiurban,N,31,2,7134.28,2.0,0.38
LP001024,Male,Yes,2,Graduate,No,3200,700.0,70.0,360.0,1.0,Urban,Y,31,1,6823.39,4.0,0.2656
LP001027,Male,Yes,2,Graduate,,2500,1840.0,109.0,360.0,1.0,Urban,Y,44,3,2103.11,7.8,0.4509
LP001028,Male,Yes,2,Graduate,No,3073,8106.0,200.0,360.0,1.0,Urban,Y,56,1,16059.38,6.6,0.1883
LP001029,Male,No,0,Graduate,No,1853,2840.0,114.0,360.0,1.0,Rural,N,60,1,8348.87,12.5,0.2601
LP001030,Male,Yes,2,Graduate,No,1299,1086.0,17.0,120.0,1.0,Urban,Y,44,2,894.66,3.2,0.0979
LP001032,Male,No,0,Graduate,No,4950,0.0,125.0,360.0,1.0,Urban,Y,23,0,4483.9,0.2,0.0682
LP001034,Male,No,1,Not Graduate,No,3596,0.0,100.0,240.0,,Urban,Y,42,3,11843.38,3.8,0.2052
LP001036,Female,No,0,Graduate,No,3510,0.0,76.0,360.0,0.0,Urban,N,22,0,15724.56,0.7,0.1772
LP001038,Male,Yes,0,Not Graduate,No,4887,0.0,133.0,360.0,1.0,Rural,N,44,3,4907.64,9.9,0.2279
LP001041,Male,Yes,0,Graduate,,2600,3500.0,115.0,,1.0,Urban,Y,64,0,5661.06,29.2,0.0917
LP001043,Male,Yes,0,Not Graduate,No,7660,0.0,104.0,360.0,0.0,Urban,N,50,2,3700.45,10.4,0.2994
LP001046,Male,Yes,1,Graduate,No,5955,5625.0,315.0,360.0,1.0,Urban,Y,58,1,25801.21,10.6,0.2612
LP001047,Male,Yes,0,Not Graduate,No,2600,1911.0,116.0,360.0,0.0,Semiurban,N,22,4,2226.78,0.4,0.144
LP001050,,Yes,2,Not Graduate,No,3365,1917.0,112.0,360.0,0.0,Rural,N,41,0,15493.0,7.3,0.0811
LP001052,Male,Yes,1,Graduate,,3717,2925.0,151.0,360.0,,Semiurban,N,53,1,6567.63,5.2,0.3993
LP001066,Male,Yes,0,Graduate,Yes,9560,0.0,191.0,360.0,1.0,Semiurban,Y,32,3,8170.76,5.3,0.4071
LP001068,Male,Yes,0,Graduate,No,2799,2253.0,122.0,360.0,1.0,Semiurban,Y,42,1,4577.19,4.8,0.2364
LP001073,Male,Yes,2,Not Graduate,No,4226,1040.0,110.0,360.0,1.0,Urban,Y,64,1,2823.61,20.3,0.131
LP001086,Male,No,0,Not Graduate,No,1442,0.0,35.0,360.0,1.0,Urban,N,45,1,1450.54,11.8,0.0864
LP001087,Female,No,2,Graduate,,3750,2083.0,120.0,360.0,1.0,Semiurban,Y,47,1,2581.23,5.0,0.1881
LP001091,Male,Yes,1,Graduate,,4166,3369.0,201.0,360.0,,Urban,N,62,1,2521.83,5.6,0.1375
LP001095,Male,No,0,Graduate,No,3167,0.0,74.0,360.0,1.0,Urban,N,48,1,8680.68,15.3,0.3071
LP001097,Male,No,1,Graduate,Yes,4692,0.0,106.0,360.0,1.0,Rural,N,36,3,3840.22,5.6,0.1408
LP001098,Male,Yes,0,Graduate,No,3500,1667.0,114.0,360.0,1.0,Semiurban,Y,35,0,1540.96,1.9,0.1364
LP001100,Male,No,3+,Graduate,No,12500,3000.0,320.0,360.0,1.0,Rural,N,64,1,21967.98,30.0,0.4412
LP001106,Male,Yes,0,Graduate,No,2275,2067.0,,360.0,1.0,Urban,Y,23,3,11550.1,0.3,0.176
LP001109,Male,Yes,0,Graduate,No,1828,1330.0,100.0,,0.0,Urban,N,57,2,13760.91,18.6,0.3218
LP001112,Female,Yes,0,Graduate,No,3667,1459.0,144.0,360.0,1.0,Semiurban,Y,27,1,27705.26,4.1,0.1664
LP001114,Male,No,0,Graduate,No,4166,7210.0,184.0,360.0,1.0,Urban,Y,41,1,2445.34,4.9,0.215
LP001116,Male,No,0,Not Graduate,No,3748,1668.0,110.0,360.0,1.0,Semiurban,Y,29,1,3857.97,1.5,0.3905
LP001119,Male,No,0,Graduate,No,3600,0.0,80.0,360.0,1.0,Urban,N,59,0,8379.17,6.6,0.2409
LP001120,Male,No,0,Graduate,No,1800,1213.0,47.0,360.0,1.0,Urban,Y,38,1,6566.22,4.8,0.1084
LP001123,Male,Yes,0,Graduate,No,2400,0.0,75.0,360.0,,Urban,Y,24,1,1670.44,0.5,0.2633
LP001131,Male,Yes,0,Graduate,No,3941,2336.0,134.0,360.0,1.0,Semiurban,Y,45,1,9866.24,12.4,0.0877
LP001136,Male,Yes,0,Not Graduate,Yes,4695,0.0,96.0,,1.0,Urban,Y,34,0,2957.31,1.8,0.1386
LP001137,Female,No,0,Graduate,No,3410,0.0,88.0,,1.0,Urban,Y,29,4,2476.49,3.2,0.1352
LP001138,Male,Yes,1,Graduate,No,5649,0.0,44.0,360.0,1.0,Urban,Y,46,4,5890.31,17.5,0.1966
LP001144,Male,Yes,0,Graduate,No,5821,0.0,144.0,360.0,1.0,Urban,Y,22,1,6598.24,0.6,0.1965
LP001146,Female,Yes,0,Graduate,No,2645,3440.0,120.0,360.0,0.0,Urban,N,40,1,5264.32,8.9,0.2082
LP001151,Female,No,0,Graduate,No,4000,2275.0,144.0,360.0,1.0,Semiurban,Y,48,1,1908.3,7.7,0.186
LP001155,Female,Yes,0,Not Graduate,No,1928,1644.0,100.0,360.0,1.0,Semiurban,Y,27,2,11156.36,2.8,0.1732
LP001157,Female,No,0,Graduate,No,3086,0.0,120.0,360.0,1.0,Semiurban,Y,64,1,2632.93,17.9,0.2545
LP001164,Female,No,0,Graduate,No,4230,0.0,112.0,360.0,1.0,Semiurban,N,28,0,2207.44,2.5,0.2325
LP001179,Male,Yes,2,Graduate,No,4616,0.0,134.0,360.0,1.0,Urban,N,55,3,12636.93,6.1,0.3721
LP001186,Female,Yes,1,Graduate,Yes,11500,0.0,286.0,360.0,0.0,Urban,N,34,2,19789.88,8.2,0.3508
LP001194,Male,Yes,2,Graduate,No,2708,1167.0,97.0,360.0,1.0,Semiurban,Y,37,3,10856.3,5.9,0.0871
LP001195,Male,Yes,0,Graduate,No,2132,1591.0,96.0,360.0,1.0,Semiurban,Y,56,2,9026.37,7.6,0.1943
LP001197,Male,Yes,0,Graduate,No,3366,2200.0,135.0,360.0,1.0,Rural,N,60,1,6517.88,12.5,0.1889
LP001198,Male,Yes,1,Graduate,No,8080,2250.0,180.0,360.0,1.0,Urban,Y,24,1,6944.56,1.0,0.2171
LP001199,Male,Yes,2,Not Graduate,No,3357,2859.0,144.0,360.0,1.0,Urban,Y,22,3,1645.01,0.6,0.1205
LP001205,Male,Yes,0,Graduate,No,2500,3796.0,120.0,360.0,1.0,Urban,Y,26,2,3497.06,2.7,0.1658
LP001206,Male,Yes,3+,Graduate,No,3029,0.0,99.0,360.0,1.0,Urban,Y,62,0,3399.83,23.0,0.261
LP001207,Male,Yes,0,Not Graduate,Yes,2609,3449.0,165.0,180.0,0.0,Rural,N,24,0,2416.29,0.3,0.2643
LP001213,Male,Yes,1,Graduate,No,4945,0.0,,360.0,0.0,Rural,N,49,1,8205.5,9.8,0.1464
LP001222,Female,No,0,Graduate,No,4166,0.0,116.0,360.0,0.0,Semiurban,N,38,2,4914.83,6.6,0.1439
LP001225,Male,Yes,0,Graduate,No,5726,4595.0,258.0,360.0,1.0,Semiurban,N,46,4,2491.61,2.8,0.2646
LP001228,Male,No,0,Not Graduate,No,3200,2254.0,126.0,180.0,0.0,Urban,N,64,0,2375.21,11.0,0.3861
LP001233,Male,Yes,1,Graduate,No,10750,0.0,312.0,360.0,1.0,Urban,Y,54,1,9681.56,18.4,0.2681
LP001238,Male,Yes,3+,Not Graduate,Yes,7100,0.0,125.0,60.0,1.0,Urban,Y,30,1,2974.77,1.6,0.1536
LP001241,Female,No,0,Graduate,No,4300,0.0,136.0,360.0,0.0,Semiurban,N,56,3,11065.88,14.7,0.2638
LP001243,Male,Yes,0,Graduate,No,3208,3066.0,172.0,360.0,1.0,Urban,Y,34,2,4552.13,3.0,0.2648
LP001245,Male,Yes,2,Not Graduate,Yes,1875,1875.0,97.0,360.0,1.0,Semiurban,Y,51,2,3915.35,3.2,0.1726
LP001248,Male,No,0,Graduate,No,3500,0.0,81.0,300.0,1.0,Semiurban,Y,35,1,5730.48,3.4,0.2989
LP001250,Male,Yes,3+,Not Graduate,No,4755,0.0,95.0,,0.0,Semiurban,N,28,1,10414.46,4.8,0.3466
LP001253,Male,Yes,3+,Graduate,Yes,5266,1774.0,187.0,360.0,1.0,Semiurban,Y,34,1,4035.42,7.6,0.1882
LP001255,Male,No,0,Graduate,No,3750,0.0,113.0,480.0,1.0,Urban,N,43,0,7002.08,14.9,0.3358
LP001256,Male,No,0,Graduate,No,3750,4750.0,176.0,360.0,1.0,Urban,N,60,2,5506.27,15.3,0.4641
LP001259,Male,Yes,1,Graduate,Yes,1000,3022.0,110.0,360.0,1.0,Urban,N,41,2,1868.64,3.3,0.3077
LP001263,Male,Yes,3+,Graduate,No,3167,4000.0,180.0,300.0,0.0,Semiurban,N,36,4,11664.04,6.4,0.0807
LP001264,Male,Yes,3+,Not Graduate,Yes,3333,2166.0,130.0,360.0,,Semiurban,Y,65,4,9164.33,16.4,0.1985
LP001265,Female,No,0,Graduate,No,3846,0.0,111.0,360.0,1.0,Semiurban,Y,38,1,6742.76,10.3,0.328
LP001266,Male,Yes,1,Graduate,Yes,2395,0.0,,360.0,1.0,Semiurban,Y,44,2,10338.05,3.7,0.2724
LP001267,Female,Yes,2,Graduate,No,1378,1881.0,167.0,360.0,1.0,Urban,N,46,3,10553.76,9.8,0.1996
LP001273,Male,Yes,0,Graduate,No,6000,2250.0,265.0,360.0,,Semiurban,N,45,2,8331.91,4.6,0.1837
LP001275,Male,Yes,1,Graduate,No,3988,0.0,50.0,240.0,1.0,Urban,Y,65,0,10494.55,13.0,0.164
LP001279,Male,No,0,Graduate,No,2366,2531.0,136.0,360.0,1.0,Semiurban,Y,61,1,6800.16,21.7,0.33
LP001280,Male,Yes,2,Not Graduate,No,3333,2000.0,99.0,360.0,,Semiurban,Y,49,0,6880.45,10.8,0.1237
LP001282,Male,Yes,0,Graduate,No,2500,2118.0,104.0,360.0,1.0,Semiurban,Y,35,3,5691.67,4.6,0.0571
LP001289,Male,No,0,Graduate,No,8566,0.0,210.0,360.0,1.0,Urban,Y,65,1,10108.92,14.8,0.1329
LP001310,Male,Yes,0,Graduate,No,5695,4167.0,175.0,360.0,1.0,Semiurban,Y,21,0,2920.98,0.0,0.2207
LP001316,Male,Yes,0,Graduate,No,2958,2900.0,131.0,360.0,1.0,Semiurban,Y,45,1,11679.66,13.7,0.3636
LP001318,Male,Yes,2,Graduate,No,6250,5654.0,188.0,180.0,1.0,Semiurban,Y,27,1,12535.97,3.8,0.1778
LP001319,Male,Yes,2,Not Graduate,No,3273,1820.0,81.0,360.0,1.0,Urban,Y,29,1,1307.23,5.4,0.1158
LP001322,Male,No,0,Graduate,No,4133,0.0,122.0,360.0,1.0,Semiurban,Y,44,0,10216.16,13.2,0.091
LP001325,Male,No,0,Not Graduate,No,3620,0.0,25.0,120.0,1.0,Semiurban,Y,21,1,1977.39,0.0,0.297
LP001326,Male,No,0,Graduate,,6782,0.0,,360.0,,Urban,N,64,1,4501.59,22.1,0.1308
LP001327,Female,Yes,0,Graduate,No,2484,2302.0,137.0,360.0,1.0,Semiurban,Y,28,2,7669.34,2.5,0.1732
LP001333,Male,Yes,0,Graduate,No,1977,997.0,50.0,360.0,1.0,Semiurban,Y,44,1,1554.21,5.8,0.2536
LP001334,Male,Yes,0,Not Graduate,No,4188,0.0,115.0,180.0,1.0,Semiurban,Y,31,2,10016.17,6.0,0.142
LP001343,Male,Yes,0,Graduate,No,1759,3541.0,131.0,360.0,1.0,Semiurban,Y,37,1,9519.98,2.0,0.4338
LP001345,Male,Yes,2,Not Graduate,No,4288,3263.0,133.0,180.0,1.0,Urban,Y,28,1,5076.41,4.5,0.3074
LP001349,Male,No,0,Graduate,No,4843,3806.0,151.0,360.0,1.0,Semiurban,Y,55,2,1773.4,12.8,0.1718
LP001350,Male,Yes,,Graduate,No,13650,0.0,,360.0,1.0,Urban,Y,55,1,6700.91,16.4,0.3452
LP001356,Male,Yes,0,Graduate,No,4652,3583.0,,360.0,1.0,Semiurban,Y,53,0,6468.15,15.9,0.1938
LP001357,Male,,,Graduate,No,3816,754.0,160.0,360.0,1.0,Urban,Y,25,0,21226.11,2.5,0.0777
LP001367,Male,Yes,1,Graduate,No,3052,1030.0,100.0,360.0,1.0,Urban,Y,62,2,6072.64,19.8,0.1808
LP001369,Male,Yes,2,Graduate,No,11417,1126.0,225.0,360.0,1.0,Urban,Y,59,1,5684.9,17.8,0.179
LP001370,Male,No,0,Not Graduate,,7333,0.0,120.0,360.0,1.0,Rural,N,61,2,7690.99,5.6,0.2389
LP001379,Male,Yes,2,Graduate,No,3800,3600.0,216.0,360.0,0.0,Urban,N,48,0,5236.84,11.1,0.2863
LP001384,Male,Yes,3+,Not Graduate,No,2071,754.0,94.0,480.0,1.0,Semiurban,Y,27,0,8279.93,1.1,0.1938
LP001385,Male,No,0,Graduate,No,5316,0.0,136.0,360.0,1.0,Urban,Y,29,0,2482.62,4.3,0.1568
LP001387,Female,Yes,0,Graduate,,2929,2333.0,139.0,360.0,1.0,Semiurban,Y,28,1,8188.21,2.9,0.2658
LP001391,Male,Yes,0,Not Graduate,No,3572,4114.0,152.0,,0.0,Rural,N,32,1,5166.19,5.6,0.0852
LP001392,Female,No,1,Graduate,Yes,7451,0.0,,360.0,1.0,Semiurban,Y,54,1,19192.2,4.1,0.3154
LP001398,Male,No,0,Graduate,,5050,0.0,118.0,360.0,1.0,Semiurban,Y,53,1,3909.96,4.8,0.3073
LP001401,Male,Yes,1,Graduate,No,14583,0.0,185.0,180.0,1.0,Rural,Y,43,3,10362.29,11.7,0.2291
LP001404,Female,Yes,0,Graduate,No,3167,2283.0,154.0,360.0,1.0,Semiurban,Y,44,1,14562.79,3.3,0.1252
LP001405,Male,Yes,1,Graduate,No,2214,1398.0,85.0,360.0,,Urban,Y,57,1,1306.63,5.1,0.1684
LP001421,Male,Yes,0,Graduate,No,5568,2142.0,175.0,360.0,1.0,Rural,N,55,2,15851.66,3.6,0.3379
LP001422,Female,No,0,Graduate,No,10408,0.0,259.0,360.0,1.0,Urban,Y,64,1,9628.24,29.0,0.0885
LP001426,Male,Yes,,Graduate,No,5667,2667.0,180.0,360.0,1.0,Rural,Y,60,1,2398.36,21.2,0.2375
LP001430,Female,No,0,Graduate,No,4166,0.0,44.0,360.0,1.0,Semiurban,Y,42,2,3280.43,6.6,0.107
LP001431,Female,No,0,Graduate,No,2137,8980.0,137.0,360.0,0.0,Semiurban,Y,47,3,6895.25,7.2,0.2455
LP001432,Male,Yes,2,Graduate,No,2957,0.0,81.0,360.0,1.0,Semiurban,Y,55,0,1390.19,10.5,0.1996
LP001439,Male,Yes,0,Not Graduate,No,4300,2014.0,194.0,360.0,1.0,Rural,Y,21,3,5903.3,0.0,0.2957
LP001443,Female,No,0,Graduate,No,3692,0.0,93.0,360.0,,Rural,Y,55,1,3436.63,16.9,0.4386
LP001448,,Yes,3+,Graduate,No,23803,0.0,370.0,360.0,1.0,Rural,Y,57,1,13626.6,7.6,0.2164
LP001449,Male,No,0,Graduate,No,3865,1640.0,,360.0,1.0,Rural,Y,34,1,1612.58,2.7,0.1555
LP001451,Male,Yes,1,Graduate,Yes,10513,3850.0,160.0,180.0,0.0,Urban,N,23,4,14105.83,0.3,0.1148
LP001465,Male,Yes,0,Graduate,No,6080,2569.0,182.0,360.0,,Rural,N,21,1,20351.34,0.0,0.2479
LP001469,Male,No,0,Graduate,Yes,20166,0.0,650.0,480.0,,Urban,Y,25,1,24776.27,2.2,0.3061
LP001473,Male,No,0,Graduate,No,2014,1929.0,74.0,360.0,1.0,Urban,Y,46,1,7616.16,6.5,0.3665
LP001478,Male,No,0,Graduate,No,2718,0.0,70.0,360.0,1.0,Semiurban,Y,34,0,1649.68,1.5,0.2849
LP001482,Male,Yes,0,Graduate,Yes,3459,0.0,25.0,120.0,1.0,Semiurban,Y,59,0,8327.36,5.7,0.0779
LP001487,Male,No,0,Graduate,No,4895,0.0,102.0,360.0,1.0,Semiurban,Y,47,0,1885.14,17.7,0.1952
LP001488,Male,Yes,3+,Graduate,No,4000,7750.0,290.0,360.0,1.0,Semiurban,N,29,0,1540.43,2.2,0.2671
LP001489,Female,Yes,0,Graduate,No,4583,0.0,84.0,360.0,1.0,Rural,N,35,0,3599.83,7.9,0.1708
LP001491,Male,Yes,2,Graduate,Yes,3316,3500.0,88.0,360.0,1.0,Urban,Y,35,0,4528.21,6.6,0.232
LP001492,Male,No,0,Graduate,No,14999,0.0,242.0,360.0,0.0,Semiurban,N,46,1,12867.08,8.2,0.471
LP001493,Male,Yes,2,Not Graduate,No,4200,1430.0,129.0,360.0,1.0,Rural,N,62,0,7251.71,9.2,0.3416
LP001497,Male,Yes,2,Graduate,No,5042,2083.0,185.0,360.0,1.0,Rural,N,33,1,4767.29,2.1,0.2535
LP001498,Male,No,0,Graduate,No,5417,0.0,168.0,360.0,1.0,Urban,Y,52,2,3552.82,14.5,0.0796
LP001504,Male,No,0,Graduate,Yes,6950,0.0,175.0,180.0,1.0,Semiurban,Y,59,1,31780.83,21.5,0.273
LP001507,Male,Yes,0,Graduate,No,2698,2034.0,122.0,360.0,1.0,Semiurban,Y,52,1,3722.66,15.1,0.2465
LP001508,Male,Yes,2,Graduate,No,11757,0.0,187.0,180.0,1.0,Urban,Y,24,0,7308.67,1.3,0.2508
LP001514,Female,Yes,0,Graduate,No,2330,4486.0,100.0,360.0,1.0,Semiurban,Y,50,0,1702.29,3.6,0.1414
LP001516,Female,Yes,2,Graduate,No,14866,0.0,70.0,360.0,1.0,Urban,Y,57,0,13379.57,24.5,0.2477
LP001518,Male,Yes,1,Graduate,No,1538,1425.0,30.0,360.0,1.0,Urban,Y,43,0,6430.69,12.7,0.0622
LP001519,Female,No,0,Graduate,No,10000,1666.0,225.0,360.0,1.0,Rural,N,59,1,4902.16,10.5,0.1076
LP001520,Male,Yes,0,Graduate,No,4860,830.0,125.0,360.0,1.0,Semiurban,Y,65,0,2177.55,30.3,0.1805
LP001528,Male,No,0,Graduate,No,6277,0.0,118.0,360.0,0.0,Rural,N,35,0,7978.45,6.5,0.165
LP001529,Male,Yes,0,Graduate,Yes,2577,3750.0,152.0,360.0,1.0,Rural,Y,63,0,6214.53,18.9,0.3661
LP001531,Male,No,0,Graduate,No,9166,0.0,244.0,360.0,1.0,Urban,N,49,1,4941.38,15.4,0.166
LP001532,Male,Yes,2,Not Graduate,No,2281,0.0,113.0,360.0,1.0,Rural,N,56,0,15856.5,20.5,0.1558
LP001535,Male,No,0,Graduate,No,3254,0.0,50.0,360.0,1.0,Urban,Y,33,1,1970.58,5.9,0.1269
LP001536,Male,Yes,3+,Graduate,No,39999,0.0,600.0,180.0,0.0,Semiurban,Y,52,1,17617.39,5.5,0.2539
LP001541,Male,Yes,1,Graduate,No,6000,0.0,160.0,360.0,,Rural,Y,27,1,16548.53,1.8,0.4385
LP001543,Male,Yes,1,Graduate,No,9538,0.0,187.0,360.0,1.0,Urban,Y,42,0,6204.77,13.8,0.1557
LP001546,Male,No,0,Graduate,,2980,2083.0,120.0,360.0,1.0,Rural,Y,48,2,6137.92,6.3,0.4154
LP001552,Male,Yes,0,Graduate,No,4583,5625.0,255.0,360.0,1.0,Semiurban,Y,22,1,4179.02,0.3,0.2674
LP001560,Male,Yes,0,Not Graduate,No,1863,1041.0,98.0,360.0,1.0,Semiurban,Y,62,0,2238.13,14.7,0.1019
LP001562,Male,Yes,0,Graduate,No,7933,0.0,275.0,360.0,1.0,Urban,N,65,2,23556.79,16.0,0.21
LP001565,Male,Yes,1,Graduate,No,3089,1280.0,121.0,360.0,0.0,Semiurban,N,26,3,3723.06,2.3,0.1034
LP001570,Male,Yes,2,Graduate,No,4167,1447.0,158.0,360.0,1.0,Rural,Y,48,0,12716.8,18.0,0.3885
LP001572,Male,Yes,0,Graduate,No,9323,0.0,75.0,180.0,1.0,Urban,Y,48,1,4710.24,6.6,0.194
LP001574,Male,Yes,0,Graduate,No,3707,3166.0,182.0,,1.0,Rural,Y,64,2,2518.15,7.4,0.0854
LP001577,Female,Yes,0,Graduate,No,4583,0.0,112.0,360.0,1.0,Rural,N,64,2,1803.04,9.4,0.1953
LP001578,Male,Yes,0,Graduate,No,2439,3333.0,129.0,360.0,1.0,Rural,Y,40,0,6122.33,12.0,0.1911
LP001579,Male,No,0,Graduate,No,2237,0.0,63.0,480.0,0.0,Semiurban,N,50,0,3072.89,14.1,0.2658
LP001580,Male,Yes,2,Graduate,No,8000,0.0,200.0,360.0,1.0,Semiurban,Y,31,1,12901.49,2.7,0.2542
LP001581,Male,Yes,0,Not Graduate,,1820,1769.0,95.0,360.0,1.0,Rural,Y,48,1,3824.43,15.9,0.3875
LP001585,,Yes,3+,Graduate,No,51763,0.0,700.0,300.0,1.0,Urban,Y,45,1,36391.8,14.8,0.1759
LP001586,Male,Yes,3+,Not Graduate,No,3522,0.0,81.0,180.0,1.0,Rural,N,59,1,2277.27,23.1,0.0962
LP001594,Male,Yes,0,Graduate,No,5708,5625.0,187.0,360.0,1.0,Semiurban,Y,53,1,12210.77,20.8,0.2866
LP001603,Male,Yes,0,Not Graduate,Yes,4344,736.0,87.0,360.0,1.0,Semiurban,N,21,2,9050.1,0.0,0.1566
LP001606,Male,Yes,0,Graduate,No,3497,1964.0,116.0,360.0,1.0,Rural,Y,47,0,8610.39,14.4,0.141
LP001608,Male,Yes,2,Graduate,No,2045,1619.0,101.0,360.0,1.0,Rural,Y,33,1,10017.82,4.5,0.0988
LP001610,Male,Yes,3+,Graduate,No,5516,11300.0,495.0,360.0,0.0,Semiurban,N,61,2,9148.06,24.2,0.2141
LP001616,Male,Yes,1,Graduate,No,3750,0.0,116.0,360.0,1.0,Semiurban,Y,23,2,6256.25,1.1,0.354
LP001630,Male,No,0,Not Graduate,No,2333,1451.0,102.0,480.0,0.0,Urban,N,59,1,1513.49,21.5,0.2095
LP001633,Male,Yes,1,Graduate,No,6400,7250.0,180.0,360.0,0.0,Urban,N,26,1,2484.44,2.5,0.1896
LP001634,Male,No,0,Graduate,No,1916,5063.0,67.0,360.0,,Rural,N,28,0,13337.2,1.4,0.381
LP001636,Male,Yes,0,Graduate,No,4600,0.0,73.0,180.0,1.0,Semiurban,Y,47,1,6445.24,11.1,0.2195
LP001637,Male,Yes,1,Graduate,No,33846,0.0,260.0,360.0,1.0,Semiurban,N,29,1,20464.52,5.5,0.0968
LP001639,Female,Yes,0,Graduate,No,3625,0.0,108.0,360.0,1.0,Semiurban,Y,57,0,4573.72,23.8,0.1495
LP001640,Male,Yes,0,Graduate,Yes,39147,4750.0,120.0,360.0,1.0,Semiurban,Y,53,1,15094.03,4.0,0.1838
LP001641,Male,Yes,1,Graduate,Yes,2178,0.0,66.0,300.0,0.0,Rural,N,62,1,1421.22,8.2,0.3006
LP001643,Male,Yes,0,Graduate,No,2383,2138.0,58.0,360.0,,Rural,Y,64,0,6613.47,7.7,0.4456
LP001644,,Yes,0,Graduate,Yes,674,5296.0,168.0,360.0,1.0,Rural,Y,44,1,3007.71,12.3,0.1579
LP001647,Male,Yes,0,Graduate,No,9328,0.0,188.0,180.0,1.0,Rural,Y,35,0,4524.56,8.3,0.2813
LP001653,Male,No,0,Not Graduate,No,4885,0.0,48.0,360.0,1.0,Rural,Y,52,1,5139.34,7.1,0.1491
LP001656,Male,No,0,Graduate,No,12000,0.0,164.0,360.0,1.0,Semiurban,N,52,0,4728.85,12.5,0.2543
LP001657,Male,Yes,0,Not Graduate,No,6033,0.0,160.0,360.0,1.0,Urban,N,44,2,6543.96,13.9,0.1697
LP001658,Male,No,0,Graduate,No,3858,0.0,76.0,360.0,1.0,Semiurban,Y,61,1,2942.55,21.6,0.3332
LP001664,Male,No,0,Graduate,No,4191,0.0,120.0,360.0,1.0,Rural,Y,32,1,9485.98,4.7,0.1372
LP001665,Male,Yes,1,Graduate,No,3125,2583.0,170.0,360.0,1.0,Semiurban,N,59,2,2961.84,17.3,0.3401
LP001666,Male,No,0,Graduate,No,8333,3750.0,187.0,360.0,1.0,Rural,Y,22,1,6073.23,0.4,0.3371
LP001669,Female,No,0,Not Graduate,No,1907,2365.0,120.0,,1.0,Urban,Y,23,0,710.39,0.6,0.1713
LP001671,Female,Yes,0,Graduate,No,3416,2816.0,113.0,360.0,,Semiurban,Y,57,1,1587.9,15.8,0.4768
LP001673,Male,No,0,Graduate,Yes,11000,0.0,83.0,360.0,1.0,Urban,N,37,1,6517.94,8.2,0.2009
LP001674,Male,Yes,1,Not Graduate,No,2600,2500.0,90.0,360.0,1.0,Semiurban,Y,22,2,4178.14,0.6,0.1211
LP001677,Male,No,2,Graduate,No,4923,0.0,166.0,360.0,0.0,Semiurban,Y,22,1,6352.77,0.5,0.1126
LP001682,Male,Yes,3+,Not Graduate,No,3992,0.0,,180.0,1.0,Urban,N,48,0,3149.78,15.0,0.1459
LP001688,Male,Yes,1,Not Graduate,No,3500,1083.0,135.0,360.0,1.0,Urban,Y,43,1,7179.96,4.3,0.1644
LP001691,Male,Yes,2,Not Graduate,No,3917,0.0,124.0,360.0,1.0,Semiurban,Y,57,1,11232.71,13.6,0.3286
LP001692,Female,No,0,Not Graduate,No,4408,0.0,120.0,360.0,1.0,Semiurban,Y,52,1,9147.22,3.3,0.2288
LP001693,Female,No,0,Graduate,No,3244,0.0,80.0,360.0,1.0,Urban,Y,53,1,1350.18,7.9,0.1951
LP001698,Male,No,0,Not Graduate,No,3975,2531.0,55.0,360.0,1.0,Rural,Y,21,1,4693.8,0.0,0.5111
LP001699,Male,No,0,Graduate,No,2479,0.0,59.0,360.0,1.0,Urban,Y,39,4,1418.46,12.5,0.2967
LP001702,Male,No,0,Graduate,No,3418,0.0,127.0,360.0,1.0,Semiurban,N,22,1,2598.27,0.2,0.1581
LP001708,Female,No,0,Graduate,No,10000,0.0,214.0,360.0,1.0,Semiurban,N,64,0,25240.83,14.7,0.222
LP001711,Male,Yes,3+,Graduate,No,3430,1250.0,128.0,360.0,0.0,Semiurban,N,46,0,1985.71,14.5,0.2415
LP001713,Male,Yes,1,Graduate,Yes,7787,0.0,240.0,360.0,1.0,Urban,Y,52,0,6288.4,6.9,0.0554
LP001715,Male,Yes,3+,Not Graduate,Yes,5703,0.0,130.0,360.0,1.0,Rural,Y,26,0,6874.19,2.2,0.2506
LP001716,Male,Yes,0,Graduate,No,3173,3021.0,137.0,360.0,1.0,Urban,Y,52,0,7182.82,16.7,0.1002
LP001720,Male,Yes,3+,Not Graduate,No,3850,983.0,100.0,360.0,1.0,Semiurban,Y,24,0,5473.82,1.4,0.3121
LP001722,Male,Yes,0,Graduate,No,150,1800.0,135.0,360.0,1.0,Rural,N,31,1,49.09,2.1,0.0721
LP001726,Male,Yes,0,Graduate,No,3727,1775.0,131.0,360.0,1.0,Semiurban,Y,37,0,3303.32,5.0,0.2571
LP001732,Male,Yes,2,Graduate,,5000,0.0,72.0,360.0,0.0,Semiurban,N,58,2,5445.69,21.1,0.2317
LP001734,Female,Yes,2,Graduate,No,4283,2383.0,127.0,360.0,,Semiurban,Y,44,0,1993.43,9.9,0.146
LP001736,Male,Yes,0,Graduate,No,2221,0.0,60.0,360.0,0.0,Urban,N,25,1,2927.2,0.4,0.2607
LP001743,Male,Yes,2,Graduate,No,4009,1717.0,116.0,360.0,1.0,Semiurban,Y,54,1,1600.75,18.4,0.1327
LP001744,Male,No,0,Graduate,No,2971,2791.0,144.0,360.0,1.0,Semiurban,Y,26,4,1455.94,0.6,0.145
LP001749,Male,Yes,0,Graduate,No,7578,1010.0,175.0,,1.0,Semiurban,Y,42,0,5284.77,11.5,0.2262
LP001750,Male,Yes,0,Graduate,No,6250,0.0,128.0,360.0,1.0,Semiurban,Y,31,1,2975.39,2.2,0.2647
LP001751,Male,Yes,0,Graduate,No,3250,0.0,170.0,360.0,1.0,Rural,N,36,3,5341.62,10.1,0.1189
LP001754,Male,Yes,,Not Graduate,Yes,4735,0.0,138.0,360.0,1.0,Urban,N,53,2,7548.59,10.3,0.1633
LP001758,Male,Yes,2,Graduate,No,6250,1695.0,210.0,360.0,1.0,Semiurban,Y,29,2,10325.33,2.4,0.3065
LP001760,Male,,,Graduate,No,4758,0.0,158.0,480.0,1.0,Semiurban,Y,26,1,2826.49,0.9,0.1151
LP001761,Male,No,0,Graduate,Yes,6400,0.0,200.0,360.0,1.0,Rural,Y,36,0,3235.62,4.3,0.1293
LP001765,Male,Yes,1,Graduate,No,2491,2054.0,104.0,360.0,1.0,Semiurban,Y,49,1,1420.89,17.5,0.2278
LP001768,Male,Yes,0,Graduate,,3716,0.0,42.0,180.0,1.0,Rural,Y,23,3,6382.11,1.4,0.2603
LP001770,Male,No,0,Not Graduate,No,3189,2598.0,120.0,,1.0,Rural,Y,40,1,7256.62,6.1,0.2796
LP001776,Female,No,0,Graduate,No,8333,0.0,280.0,360.0,1.0,Semiurban,Y,56,1,3196.84,12.9,0.2049
LP001778,Male,Yes,1,Graduate,No,3155,1779.0,140.0,360.0,1.0,Semiurban,Y,39,1,14876.0,9.6,0.2965
LP001784,Male,Yes,1,Graduate,No,5500,1260.0,170.0,360.0,1.0,Rural,Y,46,2,2252.01,15.8,0.2583
LP001786,Male,Yes,0,Graduate,,5746,0.0,255.0,360.0,,Urban,N,23,0,5973.19,0.9,0.2711
LP001788,Female,No,0,Graduate,Yes,3463,0.0,122.0,360.0,,Urban,Y,39,1,7402.51,6.0,0.2198
LP001790,Female,No,1,Graduate,No,3812,0.0,112.0,360.0,1.0,Rural,Y,40,1,11597.33,6.6,0.1645
LP001792,Male,Yes,1,Graduate,No,3315,0.0,96.0,360.0,1.0,Semiurban,Y,52,1,7434.73,16.0,0.0842
LP001798,Male,Yes,2,Graduate,No,5819,5000.0,120.0,360.0,1.0,Rural,Y,27,0,10194.1,0.6,0.229
LP001800,Male,Yes,1,Not Graduate,No,2510,1983.0,140.0,180.0,1.0,Urban,N,61,0,2949.11,18.9,0.0967
LP001806,Male,No,0,Graduate,No,2965,5701.0,155.0,60.0,1.0,Urban,Y,53,1,9476.8,10.0,0.1578
LP001807,Male,Yes,2,Graduate,Yes,6250,1300.0,108.0,360.0,1.0,Rural,Y,60,1,2680.98,22.5,0.0886
LP001811,Male,Yes,0,Not Graduate,No,3406,4417.0,123.0,360.0,1.0,Semiurban,Y,59,1,12468.41,5.9,0.2891
LP001813,Male,No,0,Graduate,Yes,6050,4333.0,120.0,180.0,1.0,Urban,N,38,0,6155.1,7.7,0.1426
LP001814,Male,Yes,2,Graduate,No,9703,0.0,112.0,360.0,1.0,Urban,Y,60,1,12044.2,15.2,0.3737
LP001819,Male,Yes,1,Not Graduate,No,6608,0.0,137.0,180.0,1.0,Urban,Y,21,1,5406.59,0.0,0.228
LP001824,Male,Yes,1,Graduate,No,2882,1843.0,123.0,480.0,1.0,Semiurban,Y,31,0,6171.92,1.4,0.3619
LP001825,Male,Yes,0,Graduate,No,1809,1868.0,90.0,360.0,1.0,Urban,Y,48,1,4352.57,12.1,0.0978
LP001835,Male,Yes,0,Not Graduate,No,1668,3890.0,201.0,360.0,0.0,Semiurban,N,45,0,7139.45,10.5,0.288
LP001836,Female,No,2,Graduate,No,3427,0.0,138.0,360.0,1.0,Urban,N,43,0,1641.73,9.6,0.1986
LP001841,Male,No,0,Not Graduate,Yes,2583,2167.0,104.0,360.0,1.0,Rural,Y,51,4,1214.03,13.9,0.2582
LP001843,Male,Yes,1,Not Graduate,No,2661,7101.0,279.0,180.0,1.0,Semiurban,Y,50,1,2350.86,14.7,0.1391
LP001844,Male,No,0,Graduate,Yes,16250,0.0,192.0,360.0,0.0,Urban,N,62,2,6843.08,23.9,0.2145
LP001846,Female,No,3+,Graduate,No,3083,0.0,255.0,360.0,1.0,Rural,Y,55,1,11358.49,8.9,0.2748
LP001849,Male,No,0,Not Graduate,No,6045,0.0,115.0,360.0,0.0,Rural,N,27,1,3424.65,3.6,0.2408
LP001854,Male,Yes,3+,Graduate,No,5250,0.0,94.0,360.0,1.0,Urban,N,36,2,20512.91,6.0,0.2695
LP001859,Male,Yes,0,Graduate,No,14683,2100.0,304.0,360.0,1.0,Rural,N,46,1,7446.69,3.7,0.2447
LP001864,Male,Yes,3+,Not Graduate,No,4931,0.0,128.0,360.0,,Semiurban,N,22,1,2779.21,0.1,0.3176
LP001865,Male,Yes,1,Graduate,No,6083,4250.0,330.0,360.0,,Urban,Y,21,1,9997.55,0.0,0.1156
LP001868,Male,No,0,Graduate,No,2060,2209.0,134.0,360.0,1.0,Semiurban,Y,32,1,6083.8,6.3,0.1878
LP001870,Female,No,1,Graduate,No,3481,0.0,155.0,36.0,1.0,Semiurban,N,25,3,4683.72,2.1,0.0767
LP001871,Female,No,0,Graduate,No,7200,0.0,120.0,360.0,1.0,Rural,Y,57,2,6668.45,20.6,0.0801
LP001872,Male,No,0,Graduate,Yes,5166,0.0,128.0,360.0,1.0,Semiurban,Y,52,3,8211.82,12.7,0.0715
LP001875,Male,No,0,Graduate,No,4095,3447.0,151.0,360.0,1.0,Rural,Y,29,0,2760.62,2.9,0.1458
LP001877,Male,Yes,2,Graduate,No,4708,1387.0,150.0,360.0,1.0,Semiurban,Y,61,2,29734.44,7.5,0.1963
LP001882,Male,Yes,3+,Graduate,No,4333,1811.0,160.0,360.0,0.0,Urban,Y,55,3,19955.33,10.1,0.1828
LP001883,Female,No,0,Graduate,,3418,0.0,135.0,360.0,1.0,Rural,N,39,0,6466.38,6.5,0.2299
LP001884,Female,No,1,Graduate,No,2876,1560.0,90.0,360.0,1.0,Urban,Y,36,0,2124.36,2.3,0.2184
LP001888,Female,No,0,Graduate,No,3237,0.0,30.0,360.0,1.0,Urban,Y,23,2,6846.19,0.5,0.2216
LP001891,Male,Yes,0,Graduate,No,11146,0.0,136.0,360.0,1.0,Urban,Y,40,1,4454.84,8.7,0.1583
LP001892,Male,No,0,Graduate,No,2833,1857.0,126.0,360.0,1.0,Rural,Y,44,2,1151.21,12.5,0.0879
LP001894,Male,Yes,0,Graduate,No,2620,2223.0,150.0,360.0,1.0,Semiurban,Y,53,0,2406.41,22.4,0.0937
LP001896,Male,Yes,2,Graduate,No,3900,0.0,90.0,360.0,1.0,Semiurban,Y,44,2,4496.74,15.2,0.1536
LP001900,Male,Yes,1,Graduate,No,2750,1842.0,115.0,360.0,1.0,Semiurban,Y,31,0,11099.85,4.9,0.4175
LP001903,Male,Yes,0,Graduate,No,3993,3274.0,207.0,360.0,1.0,Semiurban,Y,28,0,7920.49,2.5,0.1605
LP001904,Male,Yes,0,Graduate,No,3103,1300.0,80.0,360.0,1.0,Urban,Y,56,0,7883.42,16.9,0.0782
LP001907,Male,Yes,0,Graduate,No,14583,0.0,436.0,360.0,1.0,Semiurban,Y,58,2,8126.69,21.1,0.3032
LP001908,Female,Yes,0,Not Graduate,No,4100,0.0,124.0,360.0,,Rural,Y,60,1,3588.42,6.7,0.0861
LP001910,Male,No,1,Not Graduate,Yes,4053,2426.0,158.0,360.0,0.0,Urban,N,40,1,3766.67,6.6,0.083
LP001914,Male,Yes,0,Graduate,No,3927,800.0,112.0,360.0,1.0,Semiurban,Y,55,1,23371.8,20.5,0.2366
LP001915,Male,Yes,2,Graduate,No,2301,985.7999878,78.0,180.0,1.0,Urban,Y,45,2,1002.82,7.9,0.2679
LP001917,Female,No,0,Graduate,No,1811,1666.0,54.0,360.0,1.0,Urban,Y,55,1,10704.54,15.1,0.31
LP001922,Male,Yes,0,Graduate,No,20667,0.0,,360.0,1.0,Rural,N,45,2,11934.75,10.9,0.1292
LP001924,Male,No,0,Graduate,No,3158,3053.0,89.0,360.0,1.0,Rural,Y,49,1,4002.89,5.9,0.1032
LP001925,Female,No,0,Graduate,Yes,2600,1717.0,99.0,300.0,1.0,Semiurban,N,38,1,7368.7,5.4,0.3394
LP001926,Male,Yes,0,Graduate,No,3704,2000.0,120.0,360.0,1.0,Rural,Y,38,1,4652.91,5.1,0.2244
LP001931,Female,No,0,Graduate,No,4124,0.0,115.0,360.0,1.0,Semiurban,Y,22,1,11809.11,0.1,0.1532
LP001935,Male,No,0,Graduate,No,9508,0.0,187.0,360.0,1.0,Rural,Y,55,2,15020.5,3.9,0.3331
LP001936,Male,Yes,0,Graduate,No,3075,2416.0,139.0,360.0,1.0,Rural,Y,36,1,3823.84,9.0,0.3083
LP001938,Male,Yes,2,Graduate,No,4400,0.0,127.0,360.0,0.0,Semiurban,N,61,0,3197.53,10.6,0.1342
LP001940,Male,Yes,2,Graduate,No,3153,1560.0,134.0,360.0,1.0,Urban,Y,56,2,5601.02,14.4,0.2096
LP001945,Female,No,,Graduate,No,5417,0.0,143.0,480.0,0.0,Urban,N,53,1,14127.14,8.9,0.1231
LP001947,Male,Yes,0,Graduate,No,2383,3334.0,172.0,360.0,1.0,Semiurban,Y,24,1,2011.38,2.0,0.1216
LP001949,Male,Yes,3+,Graduate,,4416,1250.0,110.0,360.0,1.0,Urban,Y,53,3,6460.04,8.2,0.1403
LP001953,Male,Yes,1,Graduate,No,6875,0.0,200.0,360.0,1.0,Semiurban,Y,34,1,7487.75,4.7,0.2395
LP001954,Female,Yes,1,Graduate,No,4666,0.0,135.0,360.0,1.0,Urban,Y,41,0,8280.35,12.5,0.251
LP001955,Female,No,0,Graduate,No,5000,2541.0,151.0,480.0,1.0,Rural,N,40,3,2504.96,11.5,0.0961
LP001963,Male,Yes,1,Graduate,No,2014,2925.0,113.0,360.0,1.0,Urban,N,28,1,6982.48,1.5,0.245
LP001964,Male,Yes,0,Not Graduate,No,1800,2934.0,93.0,360.0,0.0,Urban,N,27,1,12598.51,3.5,0.1038
LP001972,Male,Yes,,Not Graduate,No,2875,1750.0,105.0,360.0,1.0,Semiurban,Y,23,0,2001.45,0.7,0.2818
LP001974,Female,No,0,Graduate,No,5000,0.0,132.0,360.0,1.0,Rural,Y,37,2,3155.68,6.2,0.3406
LP001977,Male,Yes,1,Graduate,No,1625,1803.0,96.0,360.0,1.0,Urban,Y,53,1,18318.2,5.8,0.2149
LP001978,Male,No,0,Graduate,No,4000,2500.0,140.0,360.0,1.0,Rural,Y,32,1,2426.79,1.6,0.1689
LP001990,Male,No,0,Not Graduate,No,2000,0.0,,360.0,1.0,Urban,N,42,2,10320.41,11.3,0.2439
LP001993,Female,No,0,Graduate,No,3762,1666.0,135.0,360.0,1.0,Rural,Y,42,2,4729.36,8.4,0.0988
LP001994,Female,No,0,Graduate,No,2400,1863.0,104.0,360.0,0.0,Urban,N,50,0,2254.86,10.5,0.2911
LP001996,Male,No,0,Graduate,No,20233,0.0,480.0,360.0,1.0,Rural,N,58,1,17681.98,19.9,0.3541
LP001998,Male,Yes,2,Not Graduate,No,7667,0.0,185.0,360.0,,Rural,Y,58,0,5735.93,20.7,0.2662
LP002002,Female,No,0,Graduate,No,2917,0.0,84.0,360.0,1.0,Semiurban,Y,65,2,4642.87,8.6,0.2688
LP002004,Male,No,0,Not Graduate,No,2927,2405.0,111.0,360.0,1.0,Semiurban,Y,28,0,3255.88,3.3,0.3362
LP002006,Female,No,0,Graduate,No,2507,0.0,56.0,360.0,1.0,Rural,Y,47,1,5368.69,4.7,0.2424
LP002008,Male,Yes,2,Graduate,Yes,5746,0.0,144.0,84.0,,Rural,Y,47,2,2969.22,14.3,0.0915
LP002024,,Yes,0,Graduate,No,2473,1843.0,159.0,360.0,1.0,Rural,N,54,2,3342.32,16.3,0.2089
LP002031,Male,Yes,1,Not Graduate,No,3399,1640.0,111.0,180.0,1.0,Urban,Y,41,1,18641.36,13.5,0.2371
LP002035,Male,Yes,2,Graduate,No,3717,0.0,120.0,360.0,1.0,Semiurban,Y,50,2,2816.49,4.1,0.1726
LP002036,Male,Yes,0,Graduate,No,2058,2134.0,88.0,360.0,,Urban,Y,53,0,6054.26,4.3,0.1999
LP002043,Female,No,1,Graduate,No,3541,0.0,112.0,360.0,,Semiurban,Y,48,2,3224.88,7.3,0.2325
LP002050,Male,Yes,1,Graduate,Yes,10000,0.0,155.0,360.0,1.0,Rural,N,53,0,11079.37,8.2,0.1119
LP002051,Male,Yes,0,Graduate,No,2400,2167.0,115.0,360.0,1.0,Semiurban,Y,25,1,1536.21,1.0,0.0878
LP002053,Male,Yes,3+,Graduate,No,4342,189.0,124.0,360.0,1.0,Semiurban,Y,39,2,19058.53,11.6,0.2352
LP002054,Male,Yes,2,Not Graduate,No,3601,1590.0,,360.0,1.0,Rural,Y,24,0,4304.27,0.7,0.22
LP002055,Female,No,0,Graduate,No,3166,2985.0,132.0,360.0,,Rural,Y,55,0,2465.38,8.9,0.3491
LP002065,Male,Yes,3+,Graduate,No,15000,0.0,300.0,360.0,1.0,Rural,Y,37,2,5891.89,8.9,0.1586
LP002067,Male,Yes,1,Graduate,Yes,8666,4983.0,376.0,360.0,0.0,Rural,N,64,2,4090.12,15.9,0.1879
LP002068,Male,No,0,Graduate,No,4917,0.0,130.0,360.0,0.0,Rural,Y,48,1,5436.32,15.3,0.1541
LP002082,Male,Yes,0,Graduate,Yes,5818,2160.0,184.0,360.0,1.0,Semiurban,Y,50,1,4158.08,4.0,0.4073
LP002086,Female,Yes,0,Graduate,No,4333,2451.0,110.0,360.0,1.0,Urban,N,49,1,10379.18,11.0,0.2867
LP002087,Female,No,0,Graduate,No,2500,0.0,67.0,360.0,1.0,Urban,Y,26,1,3690.37,0.6,0.2158
LP002097,Male,No,1,Graduate,No,4384,1793.0,117.0,360.0,1.0,Urban,Y,55,1,3000.9,4.7,0.323
LP002098,Male,No,0,Graduate,No,2935,0.0,98.0,360.0,1.0,Semiurban,Y,61,0,5833.89,25.8,0.2217
LP002100,Male,No,,Graduate,No,2833,0.0,71.0,360.0,1.0,Urban,Y,57,3,7129.66,6.6,0.1274
LP002101,Male,Yes,0,Graduate,,63337,0.0,490.0,180.0,1.0,Urban,Y,44,1,24359.87,9.6,0.2648
LP002103,,Yes,1,Graduate,Yes,9833,1833.0,182.0,180.0,1.0,Urban,Y,49,1,4510.28,9.7,0.1547
LP002106,Male,Yes,,Graduate,Yes,5503,4490.0,70.0,,1.0,Semiurban,Y,51,1,2173.07,9.3,0.2655
LP002110,Male,Yes,1,Graduate,,5250,688.0,160.0,360.0,1.0,Rural,Y,55,3,8559.04,21.8,0.2413
LP002112,Male,Yes,2,Graduate,Yes,2500,4600.0,176.0,360.0,1.0,Rural,Y,53,0,6322.3,3.6,0.2719
LP002113,Female,No,3+,Not Graduate,No,1830,0.0,,360.0,0.0,Urban,N,41,1,3841.65,10.0,0.2419
LP002114,Female,No,0,Graduate,No,4160,0.0,71.0,360.0,1.0,Semiurban,Y,52,1,10782.9,21.0,0.1886
LP002115,Male,Yes,3+,Not Graduate,No,2647,1587.0,173.0,360.0,1.0,Rural,N,43,1,9117.52,9.6,0.1659
LP002116,Female,No,0,Graduate,No,2378,0.0,46.0,360.0,1.0,Rural,N,53,0,5228.37,21.2,0.159
LP002119,Male,Yes,1,Not Graduate,No,4554,1229.0,158.0,360.0,1.0,Urban,Y,23,2,11769.19,0.3,0.1303
LP002126,Male,Yes,3+,Not Graduate,No,3173,0.0,74.0,360.0,1.0,Semiurban,Y,38,3,2274.07,6.0,0.1532
LP002128,Male,Yes,2,Graduate,,2583,2330.0,125.0,360.0,1.0,Rural,Y,45,1,1496.25,6.1,0.1257
LP002129,Male,Yes,0,Graduate,No,2499,2458.0,160.0,360.0,1.0,Semiurban,Y,62,1,2443.45,22.1,0.3279
LP002130,Male,Yes,,Not Graduate,No,3523,3230.0,152.0,360.0,0.0,Rural,N,51,3,1545.48,20.7,0.294
LP002131,Male,Yes,2,Not Graduate,No,3083,2168.0,126.0,360.0,1.0,Urban,Y,23,2,4875.88,0.5,0.224
LP002137,Male,Yes,0,Graduate,No,6333,4583.0,259.0,360.0,,Semiurban,Y,60,0,16086.15,19.2,0.2205
LP002138,Male,Yes,0,Graduate,No,2625,6250.0,187.0,360.0,1.0,Rural,Y,44,1,1119.06,5.0,0.1809
LP002139,Male,Yes,0,Graduate,No,9083,0.0,228.0,360.0,1.0,Semiurban,Y,52,1,3965.83,13.6,0.2375
LP002140,Male,No,0,Graduate,No,8750,4167.0,308.0,360.0,1.0,Rural,N,42,1,6200.31,7.9,0.1921
LP002141,Male,Yes,3+,Graduate,No,2666,2083.0,95.0,360.0,1.0,Rural,Y,43,2,14514.62,15.0,0.1213
LP002142,Female,Yes,0,Graduate,Yes,5500,0.0,105.0,360.0,0.0,Rural,N,22,3,3885.29,0.5,0.3227
LP002143,Female,Yes,0,Graduate,No,2423,505.0,130.0,360.0,1.0,Semiurban,Y,47,3,4382.03,8.1,0.2562
LP002144,Female,No,,Graduate,No,3813,0.0,116.0,180.0,1.0,Urban,Y,62,1,1571.49,6.9,0.2466
LP002149,Male,Yes,2,Graduate,No,8333,3167.0,165.0,360.0,1.0,Rural,Y,22,0,3839.22,0.2,0.3584
LP002151,Male,Yes,1,Graduate,No,3875,0.0,67.0,360.0,1.0,Urban,N,46,4,22955.94,5.9,0.1692
LP002158,Male,Yes,0,Not Graduate,No,3000,1666.0,100.0,480.0,0.0,Urban,N,37,2,17836.54,4.0,0.1418
LP002160,Male,Yes,3+,Graduate,No,5167,3167.0,200.0,360.0,1.0,Semiurban,Y,60,0,1886.36,23.8,0.3004
LP002161,Female,No,1,Graduate,No,4723,0.0,81.0,360.0,1.0,Semiurban,N,53,3,16860.05,14.0,0.4099
LP002170,Male,Yes,2,Graduate,No,5000,3667.0,236.0,360.0,1.0,Semiurban,Y,29,2,6895.68,3.3,0.394
LP002175,Male,Yes,0,Graduate,No,4750,2333.0,130.0,360.0,1.0,Urban,Y,63,1,11828.54,7.1,0.364
LP002178,Male,Yes,0,Graduate,No,3013,3033.0,95.0,300.0,,Urban,Y,59,1,4094.8,23.4,0.2343
LP002180,Male,No,0,Graduate,Yes,6822,0.0,141.0,360.0,1.0,Rural,Y,49,1,6099.88,14.9,0.3324
LP002181,Male,No,0,Not Graduate,No,6216,0.0,133.0,360.0,1.0,Rural,N,62,0,5606.26,5.8,0.0591
LP002187,Male,No,0,Graduate,No,2500,0.0,96.0,480.0,1.0,Semiurban,N,46,1,6368.01,13.1,0.3768
LP002188,Male,No,0,Graduate,No,5124,0.0,124.0,,0.0,Rural,N,55,2,2597.73,14.5,0.146
LP002190,Male,Yes,1,Graduate,No,6325,0.0,175.0,360.0,1.0,Semiurban,Y,45,0,2443.44,3.6,0.1086
LP002191,Male,Yes,0,Graduate,No,19730,5266.0,570.0,360.0,1.0,Rural,N,44,1,9105.65,8.6,0.201
LP002194,Female,No,0,Graduate,Yes,15759,0.0,55.0,360.0,1.0,Semiurban,Y,33,1,11890.33,4.7,0.1613
LP002197,Male,Yes,2,Graduate,No,5185,0.0,155.0,360.0,1.0,Semiurban,Y,27,1,2995.59,1.2,0.1802
LP002201,Male,Yes,2,Graduate,Yes,9323,7873.0,380.0,300.0,1.0,Rural,Y,56,3,8999.3,23.4,0.1192
LP002205,Male,No,1,Graduate,No,3062,1987.0,111.0,180.0,0.0,Urban,N,65,1,18598.67,26.8,0.2439
LP002209,Female,No,0,Graduate,,2764,1459.0,110.0,360.0,1.0,Urban,Y,40,1,1462.98,9.5,0.1022
LP002211,Male,Yes,0,Graduate,No,4817,923.0,120.0,180.0,1.0,Urban,Y,21,2,7314.62,0.0,0.1512
LP002219,Male,Yes,3+,Graduate,No,8750,4996.0,130.0,360.0,1.0,Rural,Y,28,1,6123.78,2.4,0.134
LP002223,Male,Yes,0,Graduate,No,4310,0.0,130.0,360.0,,Semiurban,Y,36,0,11673.76,7.4,0.1321
LP002224,Male,No,0,Graduate,No,3069,0.0,71.0,480.0,1.0,Urban,N,34,1,2058.02,5.6,0.2575
LP002225,Male,Yes,2,Graduate,No,5391,0.0,130.0,360.0,1.0,Urban,Y,32,0,7843.16,1.5,0.1412
LP002226,Male,Yes,0,Graduate,,3333,2500.0,128.0,360.0,1.0,Semiurban,Y,43,0,10285.43,9.0,0.1187
LP002229,Male,No,0,Graduate,No,5941,4232.0,296.0,360.0,1.0,Semiurban,Y,35,1,16615.96,8.2,0.1307
LP002231,Female,No,0,Graduate,No,6000,0.0,156.0,360.0,1.0,Urban,Y,48,1,7918.87,10.1,0.0982
LP002234,Male,No,0,Graduate,Yes,7167,0.0,128.0,360.0,1.0,Urban,Y,54,3,6041.27,4.3,0.1206
LP002236,Male,Yes,2,Graduate,No,4566,0.0,100.0,360.0,1.0,Urban,N,22,1,6448.26,0.6,0.2035
LP002237,Male,No,1,Graduate,,3667,0.0,113.0,180.0,1.0,Urban,Y,52,1,11464.17,6.8,0.09
LP002239,Male,No,0,Not Graduate,No,2346,1600.0,132.0,360.0,1.0,Semiurban,Y,43,1,5041.79,5.6,0.2664
LP002243,Male,Yes,0,Not Graduate,No,3010,3136.0,,360.0,0.0,Urban,N,42,0,1215.52,4.2,0.1645
LP002244,Male,Yes,0,Graduate,No,2333,2417.0,136.0,360.0,1.0,Urban,Y,45,1,14174.55,7.2,0.1629
LP002250,Male,Yes,0,Graduate,No,5488,0.0,125.0,360.0,1.0,Rural,Y,42,0,7828.99,11.6,0.3294
LP002255,Male,No,3+,Graduate,No,9167,0.0,185.0,360.0,1.0,Rural,Y,42,3,8988.81,8.6,0.1252
LP002262,Male,Yes,3+,Graduate,No,9504,0.0,275.0,360.0,1.0,Rural,Y,62,0,4685.53,9.1,0.1149
LP002263,Male,Yes,0,Graduate,No,2583,2115.0,120.0,360.0,,Urban,Y,26,1,6280.47,3.1,0.2199
LP002265,Male,Yes,2,Not Graduate,No,1993,1625.0,113.0,180.0,1.0,Semiurban,Y,35,0,3187.12,8.8,0.1656
LP002266,Male,Yes,2,Graduate,No,3100,1400.0,113.0,360.0,1.0,Urban,Y,63,4,6361.38,26.1,0.2025
LP002272,Male,Yes,2,Graduate,No,3276,484.0,135.0,360.0,,Semiurban,Y,57,1,1723.49,8.8,0.2374
LP002277,Female,No,0,Graduate,No,3180,0.0,71.0,360.0,0.0,Urban,N,53,1,6486.77,11.9,0.1238
LP002281,Male,Yes,0,Graduate,No,3033,1459.0,95.0,360.0,1.0,Urban,Y,28,0,38278.37,4.8,0.0866
LP002284,Male,No,0,Not Graduate,No,3902,1666.0,109.0,360.0,1.0,Rural,Y,64,2,1639.27,24.2,0.2555
LP002287,Female,No,0,Graduate,No,1500,1800.0,103.0,360.0,0.0,Semiurban,N,64,0,19400.24,5.0,0.0724
LP002288,Male,Yes,2,Not Graduate,No,2889,0.0,45.0,180.0,0.0,Urban,N,25,2,3628.35,0.6,0.2019
LP002296,Male,No,0,Not Graduate,No,2755,0.0,65.0,300.0,1.0,Rural,N,59,0,11196.77,14.4,0.2132
LP002297,Male,No,0,Graduate,No,2500,20000.0,103.0,360.0,1.0,Semiurban,Y,24,0,8497.14,1.9,0.0971
LP002300,Female,No,0,Not Graduate,No,1963,0.0,53.0,360.0,1.0,Semiurban,Y,26,0,4858.0,2.1,0.3657
LP002301,Female,No,0,Graduate,Yes,7441,0.0,194.0,360.0,1.0,Rural,N,65,1,9411.01,17.5,0.1909
LP002305,Female,No,0,Graduate,No,4547,0.0,115.0,360.0,1.0,Semiurban,Y,52,1,12171.39,5.1,0.1199
LP002308,Male,Yes,0,Not Graduate,No,2167,2400.0,115.0,360.0,1.0,Urban,Y,50,0,3337.17,14.3,0.1737
LP002314,Female,No,0,Not Graduate,No,2213,0.0,66.0,360.0,1.0,Rural,Y,55,2,2745.79,20.2,0.2722
LP002315,Male,Yes,1,Graduate,No,8300,0.0,152.0,300.0,0.0,Semiurban,N,60,1,8531.1,12.8,0.0927
LP002317,Male,Yes,3+,Graduate,No,81000,0.0,360.0,360.0,0.0,Rural,N,36,1,38247.29,8.5,0.1337
LP002318,Female,No,1,Not Graduate,Yes,3867,0.0,62.0,360.0,1.0,Semiurban,N,33,1,8562.64,8.1,0.2578
LP002319,Male,Yes,0,Graduate,,6256,0.0,160.0,360.0,,Urban,Y,62,1,10258.5,9.1,0.3272
LP002328,Male,Yes,0,Not Graduate,No,6096,0.0,218.0,360.0,0.0,Rural,N,50,1,5066.12,12.0,0.1246
LP002332,Male,Yes,0,Not Graduate,No,2253,2033.0,110.0,360.0,1.0,Rural,Y,39,0,9294.52,4.9,0.349
LP002335,Female,Yes,0,Not Graduate,No,2149,3237.0,178.0,360.0,0.0,Semiurban,N,37,0,1382.1,9.2,0.0964
LP002337,Female,No,0,Graduate,No,2995,0.0,60.0,360.0,1.0,Urban,Y,39,2,4987.34,8.0,0.1561
LP002341,Female,No,1,Graduate,No,2600,0.0,160.0,360.0,1.0,Urban,N,48,3,937.97,13.0,0.2693
LP002342,Male,Yes,2,Graduate,Yes,1600,20000.0,239.0,360.0,1.0,Urban,N,46,1,2500.18,14.5,0.2305
LP002345,Male,Yes,0,Graduate,No,1025,2773.0,112.0,360.0,1.0,Rural,Y,57,1,2606.85,12.2,0.3804
LP002347,Male,Yes,0,Graduate,No,3246,1417.0,138.0,360.0,1.0,Semiurban,Y,46,1,3671.13,16.2,0.1856
LP002348,Male,Yes,0,Graduate,No,5829,0.0,138.0,360.0,1.0,Rural,Y,43,1,8052.12,9.2,0.2386
LP002357,Female,No,0,Not Graduate,No,2720,0.0,80.0,,0.0,Urban,N,29,0,3413.29,1.6,0.3708
LP002361,Male,Yes,0,Graduate,No,1820,1719.0,100.0,360.0,1.0,Urban,Y,32,0,3596.99,5.7,0.0886
LP002362,Male,Yes,1,Graduate,No,7250,1667.0,110.0,,0.0,Urban,N,21,2,3990.56,0.0,0.1089
LP002364,Male,Yes,0,Graduate,No,14880,0.0,96.0,360.0,1.0,Semiurban,Y,21,1,7801.73,0.0,0.1169
LP002366,Male,Yes,0,Graduate,No,2666,4300.0,121.0,360.0,1.0,Rural,Y,54,0,2222.71,20.3,0.2853
LP002367,Female,No,1,Not Graduate,No,4606,0.0,81.0,360.0,1.0,Rural,N,52,0,2033.5,20.0,0.1678
LP002368,Male,Yes,2,Graduate,No,5935,0.0,133.0,360.0,1.0,Semiurban,Y,45,0,6771.32,6.4,0.2831
LP002369,Male,Yes,0,Graduate,No,2920,16.12000084,87.0,360.0,1.0,Rural,Y,60,1,6544.14,26.9,0.2925
LP002370,Male,No,0,Not Graduate,No,2717,0.0,60.0,180.0,1.0,Urban,Y,65,0,5783.72,8.1,0.1454
LP002377,Female,No,1,Graduate,Yes,8624,0.0,150.0,360.0,1.0,Semiurban,Y,21,0,6257.73,0.0,0.1449
LP002379,Male,No,0,Graduate,No,6500,0.0,105.0,360.0,0.0,Rural,N,36,2,4744.67,3.2,0.1584
LP002386,Male,No,0,Graduate,,12876,0.0,405.0,360.0,1.0,Semiurban,Y,59,0,14673.14,24.2,0.2945
LP002387,Male,Yes,0,Graduate,No,2425,2340.0,143.0,360.0,1.0,Semiurban,Y,25,1,4504.45,2.0,0.2191
LP002390,Male,No,0,Graduate,No,3750,0.0,100.0,360.0,1.0,Urban,Y,42,0,4597.58,4.0,0.079
LP002393,Female,,,Graduate,No,10047,0.0,,240.0,1.0,Semiurban,Y,49,0,3802.24,10.2,0.1496
LP002398,Male,No,0,Graduate,No,1926,1851.0,50.0,360.0,1.0,Semiurban,Y,23,0,2746.04,0.9,0.4374
LP002401,Male,Yes,0,Graduate,No,2213,1125.0,,360.0,1.0,Urban,Y,32,2,3157.25,1.7,0.1969
LP002403,Male,No,0,Graduate,Yes,10416,0.0,187.0,360.0,0.0,Urban,N,46,2,6353.6,15.7,0.451
LP002407,Female,Yes,0,Not Graduate,Yes,7142,0.0,138.0,360.0,1.0,Rural,Y,36,2,6933.99,8.7,0.1521
LP002408,Male,No,0,Graduate,No,3660,5064.0,187.0,360.0,1.0,Semiurban,Y,57,1,5116.0,14.5,0.1178
LP002409,Male,Yes,0,Graduate,No,7901,1833.0,180.0,360.0,1.0,Rural,Y,42,1,7557.32,14.3,0.2823
LP002418,Male,No,3+,Not Graduate,No,4707,1993.0,148.0,360.0,1.0,Semiurban,Y,49,0,8929.27,9.8,0.1619
LP002422,Male,No,1,Graduate,No,37719,0.0,152.0,360.0,1.0,Semiurban,Y,34,1,22323.11,9.0,0.1557
LP002424,Male,Yes,0,Graduate,No,7333,8333.0,175.0,300.0,,Rural,Y,48,2,8996.73,13.5,0.2598
LP002429,Male,Yes,1,Graduate,Yes,3466,1210.0,130.0,360.0,1.0,Rural,Y,25,0,16794.42,1.9,0.2963
LP002434,Male,Yes,2,Not Graduate,No,4652,0.0,110.0,360.0,1.0,Rural,Y,50,0,1762.51,5.8,0.2798
LP002435,Male,Yes,0,Graduate,,3539,1376.0,55.0,360.0,1.0,Rural,N,25,0,2346.91,2.5,0.3168
LP002443,Male,Yes,2,Graduate,No,3340,1710.0,150.0,360.0,0.0,Rural,N,32,0,1221.63,3.9,0.1865
LP002444,Male,No,1,Not Graduate,Yes,2769,1542.0,190.0,360.0,,Semiurban,N,36,0,6184.96,3.0,0.2349
LP002446,Male,Yes,2,Not Graduate,No,2309,1255.0,125.0,360.0,0.0,Rural,N,46,1,12216.52,2.7,0.3819
LP002447,Male,Yes,2,Not Graduate,No,1958,1456.0,60.0,300.0,,Urban,Y,46,1,2066.02,10.9,0.3619
LP002448,Male,Yes,0,Graduate,No,3948,1733.0,149.0,360.0,0.0,Rural,N,41,2,14498.12,8.3,0.2614
LP002449,Male,Yes,0,Graduate,No,2483,2466.0,90.0,180.0,0.0,Rural,Y,59,2,1176.48,20.2,0.2423
LP002453,Male,No,0,Graduate,Yes,7085,0.0,84.0,360.0,1.0,Semiurban,Y,56,1,16196.93,22.2,0.3401
LP002455,Male,Yes,2,Graduate,No,3859,0.0,96.0,360.0,1.0,Semiurban,Y,53,1,3542.66,4.7,0.462
LP002459,Male,Yes,0,Graduate,No,4301,0.0,118.0,360.0,1.0,Urban,Y,50,1,2074.96,15.6,0.1838
LP002467,Male,Yes,0,Graduate,No,3708,2569.0,173.0,360.0,1.0,Urban,N,57,1,4646.64,7.6,0.2994
LP002472,Male,No,2,Graduate,No,4354,0.0,136.0,360.0,1.0,Rural,Y,43,1,3043.72,13.5,0.2621
LP002473,Male,Yes,0,Graduate,No,8334,0.0,160.0,360.0,1.0,Semiurban,N,30,1,4713.21,5.3,0.1494
LP002478,,Yes,0,Graduate,Yes,2083,4083.0,160.0,360.0,,Semiurban,Y,25,1,2552.97,1.7,0.0603
LP002484,Male,Yes,3+,Graduate,No,7740,0.0,128.0,180.0,1.0,Urban,Y,56,1,10939.74,18.4,0.218
LP002487,Male,Yes,0,Graduate,No,3015,2188.0,153.0,360.0,1.0,Rural,Y,54,1,4936.62,9.5,0.1278
LP002489,Female,No,1,Not Graduate,,5191,0.0,132.0,360.0,1.0,Semiurban,Y,51,1,3735.3,11.5,0.1337
LP002493,Male,No,0,Graduate,No,4166,0.0,98.0,360.0,0.0,Semiurban,N,30,3,6202.49,5.3,0.2958
LP002494,Male,No,0,Graduate,No,6000,0.0,140.0,360.0,1.0,Rural,Y,39,2,8467.25,6.8,0.4122
LP002500,Male,Yes,3+,Not Graduate,No,2947,1664.0,70.0,180.0,0.0,Urban,N,52,0,2629.41,9.8,0.2018
LP002501,,Yes,0,Graduate,No,16692,0.0,110.0,360.0,1.0,Semiurban,Y,21,2,8806.37,0.0,0.2709
LP002502,Female,Yes,2,Not Graduate,,210,2917.0,98.0,360.0,1.0,Semiurban,Y,25,1,672.16,2.4,0.2928
LP002505,Male,Yes,0,Graduate,No,4333,2451.0,110.0,360.0,1.0,Urban,N,65,2,2551.4,13.2,0.3573
LP002515,Male,Yes,1,Graduate,Yes,3450,2079.0,162.0,360.0,1.0,Semiurban,Y,24,2,6939.16,0.6,0.3599
LP002517,Male,Yes,1,Not Graduate,No,2653,1500.0,113.0,180.0,0.0,Rural,N,36,1,1929.79,7.9,0.1367
LP002519,Male,Yes,3+,Graduate,No,4691,0.0,100.0,360.0,1.0,Semiurban,Y,44,0,5408.89,13.7,0.3697
LP002522,Female,No,0,Graduate,Yes,2500,0.0,93.0,360.0,,Urban,Y,36,1,7044.94,2.4,0.2768
LP002524,Male,No,2,Graduate,No,5532,4648.0,162.0,360.0,1.0,Rural,Y,22,1,2562.19,0.2,0.0965
LP002527,Male,Yes,2,Graduate,Yes,16525,1014.0,150.0,360.0,1.0,Rural,Y,48,1,10264.76,5.0,0.2356
LP002529,Male,Yes,2,Graduate,No,6700,1750.0,230.0,300.0,1.0,Semiurban,Y,52,1,3912.78,9.6,0.2245
LP002530,,Yes,2,Graduate,No,2873,1872.0,132.0,360.0,0.0,Semiurban,N,47,0,17484.7,9.6,0.3385
LP002531,Male,Yes,1,Graduate,Yes,16667,2250.0,86.0,360.0,1.0,Semiurban,Y,40,2,9432.6,10.4,0.3016
LP002533,Male,Yes,2,Graduate,No,2947,1603.0,,360.0,1.0,Urban,N,44,4,9237.14,11.3,0.4199
LP002534,Female,No,0,Not Graduate,No,4350,0.0,154.0,360.0,1.0,Rural,Y,32,1,5553.5,5.2,0.4481
LP002536,Male,Yes,3+,Not Graduate,No,3095,0.0,113.0,360.0,1.0,Rural,Y,55,0,1314.68,10.6,0.5114
LP002537,Male,Yes,0,Graduate,No,2083,3150.0,128.0,360.0,1.0,Semiurban,Y,53,1,5731.28,19.4,0.363
LP002541,Male,Yes,0,Graduate,No,10833,0.0,234.0,360.0,1.0,Semiurban,Y,53,0,19085.01,12.2,0.177
LP002543,Male,Yes,2,Graduate,No,8333,0.0,246.0,360.0,1.0,Semiurban,Y,63,3,7638.01,28.9,0.1099
LP002544,Male,Yes,1,Not Graduate,No,1958,2436.0,131.0,360.0,1.0,Rural,Y,57,0,9222.38,17.3,0.4759
LP002545,Male,No,2,Graduate,No,3547,0.0,80.0,360.0,0.0,Rural,N,32,1,12040.22,1.9,0.2205
LP002547,Male,Yes,1,Graduate,No,18333,0.0,500.0,360.0,1.0,Urban,N,23,1,8041.31,1.0,0.2349
LP002555,Male,Yes,2,Graduate,Yes,4583,2083.0,160.0,360.0,1.0,Semiurban,Y,21,1,2836.47,0.0,0.1362
LP002556,Male,No,0,Graduate,No,2435,0.0,75.0,360.0,1.0,Urban,N,53,1,5568.5,16.4,0.4715
LP002560,Male,No,0,Not Graduate,No,2699,2785.0,96.0,360.0,,Semiurban,Y,60,2,3592.71,5.5,0.2816
LP002562,Male,Yes,1,Not Graduate,No,5333,1131.0,186.0,360.0,,Urban,Y,30,0,11081.77,1.8,0.3792
LP002571,Male,No,0,Not Graduate,No,3691,0.0,110.0,360.0,1.0,Rural,Y,63,0,12828.0,25.8,0.1977
LP002582,Female,No,0,Not Graduate,Yes,17263,0.0,225.0,360.0,1.0,Semiurban,Y,64,0,8530.21,10.2,0.4018
LP002585,Male,Yes,0,Graduate,No,3597,2157.0,119.0,360.0,0.0,Rural,N,49,3,2630.67,16.9,0.1394
LP002586,Female,Yes,1,Graduate,No,3326,913.0,105.0,84.0,1.0,Semiurban,Y,33,2,8761.08,3.2,0.0943
LP002587,Male,Yes,0,Not Graduate,No,2600,1700.0,107.0,360.0,1.0,Rural,Y,32,1,2515.67,5.3,0.2568
LP002588,Male,Yes,0,Graduate,No,4625,2857.0,111.0,12.0,,Urban,Y,51,1,10307.63,15.5,0.1556
LP002600,Male,Yes,1,Graduate,Yes,2895,0.0,95.0,360.0,1.0,Semiurban,Y,22,1,3774.52,0.4,0.2399
LP002602,Male,No,0,Graduate,No,6283,4416.0,209.0,360.0,0.0,Rural,N,55,0,7782.02,9.6,0.2921
LP002603,Female,No,0,Graduate,No,645,3683.0,113.0,480.0,1.0,Rural,Y,43,3,685.73,5.0,0.1637
LP002606,Female,No,0,Graduate,No,3159,0.0,100.0,360.0,1.0,Semiurban,Y,37,1,6005.47,1.9,0.1577
LP002615,Male,Yes,2,Graduate,No,4865,5624.0,208.0,360.0,1.0,Semiurban,Y,46,1,4754.82,7.1,0.2341
LP002618,Male,Yes,1,Not Graduate,No,4050,5302.0,138.0,360.0,,Rural,N,28,1,5863.92,3.4,0.2477
LP002619,Male,Yes,0,Not Graduate,No,3814,1483.0,124.0,300.0,1.0,Semiurban,Y,49,0,2279.25,18.6,0.218
LP002622,Male,Yes,2,Graduate,No,3510,4416.0,243.0,360.0,1.0,Rural,Y,46,0,7922.36,15.6,0.2994
LP002624,Male,Yes,0,Graduate,No,20833,6667.0,480.0,360.0,,Urban,Y,30,2,17606.05,5.0,0.3133
LP002625,,No,0,Graduate,No,3583,0.0,96.0,360.0,1.0,Urban,N,46,0,2495.29,14.3,0.2763
LP002626,Male,Yes,0,Graduate,Yes,2479,3013.0,188.0,360.0,1.0,Urban,Y,54,1,1367.24,16.5,0.1644
LP002634,Female,No,1,Graduate,No,13262,0.0,40.0,360.0,1.0,Urban,Y,61,0,4984.92,10.2,0.3802
LP002637,Male,No,0,Not Graduate,No,3598,1287.0,100.0,360.0,1.0,Rural,N,27,1,6415.12,3.9,0.1267
LP002640,Male,Yes,1,Graduate,No,6065,2004.0,250.0,360.0,1.0,Semiurban,Y,24,1,6865.73,1.5,0.2059
LP002643,Male,Yes,2,Graduate,No,3283,2035.0,148.0,360.0,1.0,Urban,Y,65,1,5118.5,19.2,0.1465
LP002648,Male,Yes,0,Graduate,No,2130,6666.0,70.0,180.0,1.0,Semiurban,N,31,2,2054.18,1.7,0.1433
LP002652,Male,No,0,Graduate,No,5815,3666.0,311.0,360.0,1.0,Rural,N,49,1,4580.95,10.3,0.0918
LP002659,Male,Yes,3+,Graduate,No,3466,3428.0,150.0,360.0,1.0,Rural,Y,56,1,5743.31,13.2,0.1223
LP002670,Female,Yes,2,Graduate,No,2031,1632.0,113.0,480.0,1.0,Semiurban,Y,45,1,4131.47,14.8,0.18
LP002682,Male,Yes,,Not Graduate,No,3074,1800.0,123.0,360.0,0.0,Semiurban,N,41,1,23110.64,8.6,0.3125
LP002683,Male,No,0,Graduate,No,4683,1915.0,185.0,360.0,1.0,Semiurban,N,56,3,2415.46,11.5,0.22
LP002684,Female,No,0,Not Graduate,No,3400,0.0,95.0,360.0,1.0,Rural,N,30,2,7145.52,6.2,0.1261
LP002689,Male,Yes,2,Not Graduate,No,2192,1742.0,45.0,360.0,1.0,Semiurban,Y,57,0,3347.95,6.0,0.26
LP002690,Male,No,0,Graduate,No,2500,0.0,55.0,360.0,1.0,Semiurban,Y,29,0,3666.81,2.8,0.1429
LP002692,Male,Yes,3+,Graduate,Yes,5677,1424.0,100.0,360.0,1.0,Rural,Y,44,1,8372.95,2.9,0.221
LP002693,Male,Yes,2,Graduate,Yes,7948,7166.0,480.0,360.0,1.0,Rural,Y,55,1,8788.87,18.5,0.2011
LP002697,Male,No,0,Graduate,No,4680,2087.0,,360.0,1.0,Semiurban,N,55,0,25377.82,22.1,0.2077
LP002699,Male,Yes,2,Graduate,Yes,17500,0.0,400.0,360.0,1.0,Rural,Y,56,1,7124.94,9.4,0.2045
LP002705,Male,Yes,0,Graduate,No,3775,0.0,110.0,360.0,1.0,Semiurban,Y,38,1,1894.77,10.5,0.3523
LP002706,Male,Yes,1,Not Graduate,No,5285,1430.0,161.0,360.0,0.0,Semiurban,Y,59,1,8348.29,10.5,0.2251
LP002714,Male,No,1,Not Graduate,No,2679,1302.0,94.0,360.0,1.0,Semiurban,Y,52,2,5256.74,20.0,0.1433
LP002716,Male,No,0,Not Graduate,No,6783,0.0,130.0,360.0,1.0,Semiurban,Y,44,0,4063.36,12.7,0.1624
LP002717,Male,Yes,0,Graduate,No,1025,5500.0,216.0,360.0,,Rural,Y,43,0,738.43,12.8,0.2632
LP002720,Male,Yes,3+,Graduate,No,4281,0.0,100.0,360.0,1.0,Urban,Y,52,2,1980.59,3.4,0.3617
LP002723,Male,No,2,Graduate,No,3588,0.0,110.0,360.0,0.0,Rural,N,57,1,12506.29,24.4,0.089
LP002729,Male,No,1,Graduate,No,11250,0.0,196.0,360.0,,Semiurban,N,32,1,5183.88,5.9,0.147
LP002731,Female,No,0,Not Graduate,Yes,18165,0.0,125.0,360.0,1.0,Urban,Y,33,1,8637.77,3.4,0.2065
LP002732,Male,No,0,Not Graduate,,2550,2042.0,126.0,360.0,1.0,Rural,Y,43,0,2175.7,13.1,0.1103
LP002734,Male,Yes,0,Graduate,No,6133,3906.0,324.0,360.0,1.0,Urban,Y,45,2,4412.53,6.5,0.2138
LP002738,Male,No,2,Graduate,No,3617,0.0,107.0,360.0,1.0,Semiurban,Y,55,2,1646.21,21.2,0.2387
LP002739,Male,Yes,0,Not Graduate,No,2917,536.0,66.0,360.0,1.0,Rural,N,61,1,4686.78,6.7,0.2797
LP002740,Male,Yes,3+,Graduate,No,6417,0.0,157.0,180.0,1.0,Rural,Y,50,1,2675.45,15.1,0.2872
LP002741,Female,Yes,1,Graduate,No,4608,2845.0,140.0,180.0,1.0,Semiurban,Y,37,1,9710.28,6.8,0.224
LP002743,Female,No,0,Graduate,No,2138,0.0,99.0,360.0,0.0,Semiurban,N,40,1,2068.65,3.0,0.4184
LP002753,Female,No,1,Graduate,,3652,0.0,95.0,360.0,1.0,Semiurban,Y,45,0,5182.22,5.9,0.1333
LP002755,Male,Yes,1,Not Graduate,No,2239,2524.0,128.0,360.0,1.0,Urban,Y,42,3,11379.75,2.3,0.3535
LP002757,Female,Yes,0,Not Graduate,No,3017,663.0,102.0,360.0,,Semiurban,Y,33,0,6325.48,4.6,0.2707
LP002767,Male,Yes,0,Graduate,No,2768,1950.0,155.0,360.0,1.0,Rural,Y,39,3,4778.11,5.1,0.1125
LP002768,Male,No,0,Not Graduate,No,3358,0.0,80.0,36.0,1.0,Semiurban,N,56,1,3150.63,16.1,0.1505
LP002772,Male,No,0,Graduate,No,2526,1783.0,145.0,360.0,1.0,Rural,Y,32,0,2906.47,3.1,0.3252
LP002776,Female,No,0,Graduate,No,5000,0.0,103.0,360.0,0.0,Semiurban,N,61,1,7335.17,11.2,0.3131
LP002777,Male,Yes,0,Graduate,No,2785,2016.0,110.0,360.0,1.0,Rural,Y,39,2,26675.22,9.8,0.1594
LP002778,Male,Yes,2,Graduate,Yes,6633,0.0,,360.0,0.0,Rural,N,32,2,7826.73,1.4,0.164
LP002784,Male,Yes,1,Not Graduate,No,2492,2375.0,,360.0,1.0,Rural,Y,29,2,4948.79,5.1,0.1618
LP002785,Male,Yes,1,Graduate,No,3333,3250.0,158.0,360.0,1.0,Urban,Y,27,1,7739.8,3.7,0.2835
LP002788,Male,Yes,0,Not Graduate,No,2454,2333.0,181.0,360.0,0.0,Urban,N,48,1,3984.28,13.5,0.1794
LP002789,Male,Yes,0,Graduate,No,3593,4266.0,132.0,180.0,0.0,Rural,N,34,2,1587.69,5.9,0.3439
LP002792,Male,Yes,1,Graduate,No,5468,1032.0,26.0,360.0,1.0,Semiurban,Y,51,0,6104.36,19.1,0.1968
LP002794,Female,No,0,Graduate,No,2667,1625.0,84.0,360.0,,Urban,Y,39,1,16739.97,3.8,0.4747
LP002795,Male,Yes,3+,Graduate,Yes,10139,0.0,260.0,360.0,1.0,Semiurban,Y,36,0,4670.19,2.2,0.2104
LP002798,Male,Yes,0,Graduate,No,3887,2669.0,162.0,360.0,1.0,Semiurban,Y,25,4,7242.64,1.0,0.2089
LP002804,Female,Yes,0,Graduate,No,4180,2306.0,182.0,360.0,1.0,Semiurban,Y,55,3,2616.92,19.6,0.2308
LP002807,Male,Yes,2,Not Graduate,No,3675,242.0,108.0,360.0,1.0,Semiurban,Y,32,0,5145.47,1.3,0.1765
LP002813,Female,Yes,1,Graduate,Yes,19484,0.0,600.0,360.0,1.0,Semiurban,Y,45,2,7682.4,10.8,0.2676
LP002820,Male,Yes,0,Graduate,No,5923,2054.0,211.0,360.0,1.0,Rural,Y,41,3,5134.67,13.9,0.3681
LP002821,Male,No,0,Not Graduate,Yes,5800,0.0,132.0,360.0,1.0,Semiurban,Y,56,0,9152.76,21.5,0.1908
LP002832,Male,Yes,2,Graduate,No,8799,0.0,258.0,360.0,0.0,Urban,N,43,1,5344.55,9.1,0.1894
LP002833,Male,Yes,0,Not Graduate,No,4467,0.0,120.0,360.0,,Rural,Y,36,3,7068.66,2.1,0.1478
LP002836,Male,No,0,Graduate,No,3333,0.0,70.0,360.0,1.0,Urban,Y,59,0,9115.79,22.8,0.3115
LP002837,Male,Yes,3+,Graduate,No,3400,2500.0,123.0,360.0,0.0,Rural,N,65,1,14304.61,20.2,0.2006
LP002840,Female,No,0,Graduate,No,2378,0.0,9.0,360.0,1.0,Urban,N,62,1,2163.77,6.9,0.2211
LP002841,Male,Yes,0,Graduate,No,3166,2064.0,104.0,360.0,0.0,Urban,N,59,3,3667.54,5.9,0.145
LP002842,Male,Yes,1,Graduate,No,3417,1750.0,186.0,360.0,1.0,Urban,Y,34,4,2039.07,8.4,0.1471
LP002847,Male,Yes,,Graduate,No,5116,1451.0,165.0,360.0,0.0,Urban,N,51,3,26295.95,15.0,0.0942
LP002855,Male,Yes,2,Graduate,No,16666,0.0,275.0,360.0,1.0,Urban,Y,25,1,19214.93,2.4,0.2337
LP002862,Male,Yes,2,Not Graduate,No,6125,1625.0,187.0,480.0,1.0,Semiurban,N,55,2,6099.25,21.3,0.1733
LP002863,Male,Yes,3+,Graduate,No,6406,0.0,150.0,360.0,1.0,Semiurban,N,43,2,11548.19,9.7,0.1235
LP002868,Male,Yes,2,Graduate,No,3159,461.0,108.0,84.0,1.0,Urban,Y,49,1,4796.35,11.5,0.3265
LP002872,,Yes,0,Graduate,No,3087,2210.0,136.0,360.0,0.0,Semiurban,N,63,2,5975.12,15.0,0.2146
LP002874,Male,No,0,Graduate,No,3229,2739.0,110.0,360.0,1.0,Urban,Y,31,0,1609.23,2.9,0.1603
LP002877,Male,Yes,1,Graduate,No,1782,2232.0,107.0,360.0,1.0,Rural,Y,38,1,7643.57,6.1,0.2512
LP002888,Male,No,0,Graduate,,3182,2917.0,161.0,360.0,1.0,Urban,Y,32,0,1808.23,6.2,0.3012
LP002892,Male,Yes,2,Graduate,No,6540,0.0,205.0,360.0,1.0,Semiurban,Y,29,0,11116.5,3.7,0.1607
LP002893,Male,No,0,Graduate,No,1836,33837.0,90.0,360.0,1.0,Urban,N,30,0,8242.55,5.7,0.113
LP002894,Female,Yes,0,Graduate,No,3166,0.0,36.0,360.0,1.0,Semiurban,Y,64,1,7286.88,15.7,0.1861
LP002898,Male,Yes,1,Graduate,No,1880,0.0,61.0,360.0,,Rural,N,37,1,826.08,7.4,0.1808
LP002911,Male,Yes,1,Graduate,No,2787,1917.0,146.0,360.0,0.0,Rural,N,58,2,2784.25,17.7,0.2824
LP002912,Male,Yes,1,Graduate,No,4283,3000.0,172.0,84.0,1.0,Rural,N,27,0,3060.18,2.7,0.3477
LP002916,Male,Yes,0,Graduate,No,2297,1522.0,104.0,360.0,1.0,Urban,Y,33,1,3029.16,6.3,0.4597
LP002917,Female,No,0,Not Graduate,No,2165,0.0,70.0,360.0,1.0,Semiurban,Y,60,1,1206.3,9.5,0.2974
LP002925,,No,0,Graduate,No,4750,0.0,94.0,360.0,1.0,Semiurban,Y,62,2,15526.62,16.7,0.1674
LP002926,Male,Yes,2,Graduate,Yes,2726,0.0,106.0,360.0,0.0,Semiurban,N,29,1,4990.81,1.3,0.0627
LP002928,Male,Yes,0,Graduate,No,3000,3416.0,56.0,180.0,1.0,Semiurban,Y,47,1,2880.5,8.6,0.2405
LP002931,Male,Yes,2,Graduate,Yes,6000,0.0,205.0,240.0,1.0,Semiurban,N,22,2,4699.72,0.4,0.1027
LP002933,,No,3+,Graduate,Yes,9357,0.0,292.0,360.0,1.0,Semiurban,Y,25,1,6380.14,2.0,0.2582
LP002936,Male,Yes,0,Graduate,No,3859,3300.0,142.0,180.0,1.0,Rural,Y,49,0,5965.14,18.8,0.2285
LP002938,Male,Yes,0,Graduate,Yes,16120,0.0,260.0,360.0,1.0,Urban,Y,57,0,9550.83,16.6,0.1225
LP002940,Male,No,0,Not Graduate,No,3833,0.0,110.0,360.0,1.0,Rural,Y,58,2,13957.39,20.2,0.1951
LP002941,Male,Yes,2,Not Graduate,Yes,6383,1000.0,187.0,360.0,1.0,Rural,N,39,0,5748.26,7.3,0.2731
LP002943,Male,No,,Graduate,No,2987,0.0,88.0,360.0,0.0,Semiurban,N,28,2,25294.01,3.4,0.2578
LP002945,Male,Yes,0,Graduate,Yes,9963,0.0,180.0,360.0,1.0,Rural,Y,65,1,13174.51,6.3,0.2198
LP002948,Male,Yes,2,Graduate,No,5780,0.0,192.0,360.0,1.0,Urban,Y,21,3,3258.25,0.0,0.0718
LP002949,Female,No,3+,Graduate,,416,41667.0,350.0,180.0,,Urban,N,42,2,13437.7,6.7,0.3217
LP002950,Male,Yes,0,Not Graduate,,2894,2792.0,155.0,360.0,1.0,Rural,Y,37,4,1636.75,6.1,0.2479
LP002953,Male,Yes,3+,Graduate,No,5703,0.0,128.0,360.0,1.0,Urban,Y,27,1,10564.13,0.8,0.206
LP002958,Male,No,0,Graduate,No,3676,4301.0,172.0,360.0,1.0,Rural,Y,45,2,3703.56,4.4,0.235
LP002959,Female,Yes,1,Graduate,No,12000,0.0,496.0,360.0,1.0,Semiurban,Y,65,1,14914.65,11.7,0.1676
LP002960,Male,Yes,0,Not Graduate,No,2400,3800.0,,180.0,1.0,Urban,N,24,1,10961.79,2.0,0.5005
LP002961,Male,Yes,1,Graduate,No,3400,2500.0,173.0,360.0,1.0,Semiurban,Y,56,1,9403.5,10.5,0.2746
LP002964,Male,Yes,2,Not Graduate,No,3987,1411.0,157.0,360.0,1.0,Rural,Y,26,2,9227.71,1.9,0.3073
LP002974,Male,Yes,0,Graduate,No,3232,1950.0,108.0,360.0,1.0,Rural,Y,51,4,2960.51,6.5,0.341
LP002978,Female,No,0,Graduate,No,2900,0.0,71.0,360.0,1.0,Rural,Y,39,2,1442.31,8.4,0.1437
LP002979,Male,Yes,3+,Graduate,No,4106,0.0,40.0,180.0,1.0,Rural,Y,64,1,4046.93,11.5,0.1187
LP002983,Male,Yes,1,Graduate,No,8072,240.0,253.0,360.0,1.0,Urban,Y,59,1,3892.44,8.5,0.1926
LP002984,Male,Yes,2,Graduate,No,7583,0.0,187.0,360.0,1.0,Urban,Y,47,2,8694.49,10.7,0.3863
LP002990,Female,No,0,Graduate,Yes,4583,0.0,133.0,360.0,0.0,Semiurban,N,30,0,3768.9,0.9,0.1486
